k_val,cond_entropy
1,0.0
2,1627886.4692394482
3,1633343.5526072376
4,1638985.2710567666
5,1640908.2024463285
6,1640908.2024463285
7,1640934.556351304
8,1648317.795812896
9,1648349.6504722082
10,1648349.6504722082
11,1648349.6504722082
12,1648349.6504722082
7400,1714926.5450954442
