algo,no,knn_pca_auroc,knn_pca_acc,rf_pca_auroc,rf_pca_acc,lr_auroc,lr_acc,lr_pca_auroc,lr_pca_acc
datafly,180,0.6489557226399332,0.8565573770491803,0.6523581681476418,0.8565573770491803,0.6532847269689375,0.8579234972677595,0.6368041315409736,0.8579234972677595
datafly_shuffled,180,0.6489557226399332,0.8565573770491803,0.6546365914786967,0.8565573770491803,0.6532847269689375,0.8579234972677595,0.6368041315409736,0.8579234972677595
mondrian,180,0.6005392268550163,0.855191256830601,0.6462671831092883,0.8565573770491803,0.5690590111642743,0.7472677595628415,0.6878256246677299,0.8565573770491803
