k_val,cond_entropy,cm,dm,accuracy
2,0.08234307853,0.5527291997880233,0.4444444444444444,0.4497354497354497