k_val,cond_entropy,cm,dm,accuracy
2,0.643435879,0.510863804981452,0.2222222222222222,0.42063492063492064