dataset,lr_acc,lr_auroc,knn_pca_acc,knn_pca_auroc,rf_pca_acc,rf_pca_auroc
birth_randoms,0.6847457627118644,0.48983050847457626,0.6005649717514124,0.6231638418079096,0.3983050847457627,0.24350282485875707
ring_randoms,0.34519774011299437,0.5937853107344633,0.3271186440677966,0.3367231638418079,0.4367231638418079,0.48361581920903957
adult_randoms,0.6372881355932203,0.25819209039548024,0.39887005649717516,0.5293785310734463,0.4751412429378531,0.30677966101694915
heart_randoms,0.7598870056497176,0.632768361581921,0.47627118644067795,0.31864406779661014,0.9446327683615819,0.515819209039548
